Índice,"Número
colección
planta
madre","Fecha
siembra","Fecha
transplante",Bandeja,Fila,Columna,"Fecha
medición",Longitud tallo (mm),Número de hojas,Ángulo 1 (grados),Ángulo 2 (grados),Ángulo 3 (grados),Ángulo 4 (grados),Ángulo 5 (grados),Ángulo 6 (grados),Ángulo 7 (grados),Ángulo 8 (grados),Ángulo 9 (grados),Ángulo 10 (grados),Ángulo 11 (grados),Ángulo 12 (grados),Ángulo 13 (grados),Ángulo 14 (grados),Ángulo 15 (grados),OBSERVACIONES
161,1032,4/5/2019,12/7/2019,5A,2,10,6/24/2023,67.32,9,205,233,87,NA,NA,NA,NA,NA,NA,NA,NA,NA,NA,NA,NA,"2 HOJAS AMARILLAS, NECROMASA PERSISTENTE"
177,1040,4/5/2019,12/7/2019,5A,5,9,6/27/2023,28.13,4,175,65,120,NA,NA,NA,NA,NA,NA,NA,NA,NA,NA,NA,NA,NA
153,1018,4/5/2019,12/7/2019,5A,1,8,6/23/2023,NA,NA,NA,NA,NA,NA,NA,NA,NA,NA,NA,NA,NA,NA,NA,NA,NA,"no medible, con dosn hojas depredadas"
111,1037,4/2/2019,12/7/2019,4A,1,6,6/25/2023,23.98,2,100,NA,NA,NA,NA,NA,NA,NA,NA,NA,NA,NA,NA,NA,NA,"2 HOJAS AMARILLAS, MUY MARCHITA"
85,1017,4/5/2019,11/4/2019,3A,2,8,6/22/2023,53.73,6,222,228,185,190,NA,NA,NA,NA,NA,NA,NA,NA,NA,NA,NA,NA
126,1009,4/5/2019,12/7/2019,4A,3,6,5/28/2023,52.58,6,140,172,142,120,NA,NA,NA,NA,NA,NA,NA,NA,NA,NA,NA,2 HOJAS AMARILLAS
56,1027,4/5/2019,9/4/2019,2A,3,7,6/25/2023,37.06,8,194,86,125,100,NA,NA,NA,NA,NA,NA,NA,NA,NA,NA,NA,NA
86,1037,4/2/2019,11/4/2019,3A,2,9,6/24/2023,38.45,5,160,148,107,81,NA,NA,NA,NA,NA,NA,NA,NA,NA,NA,NA,NA
105,1012,4/5/2019,11/4/2019,3A,5,8,6/25/2023,40.08,5,84,155,215,80,NA,NA,NA,NA,NA,NA,NA,NA,NA,NA,NA,NA
99,1036,4/5/2019,11/4/2019,3A,4,8,6/25/2023,30.45,NA,214,220,170,75,NA,NA,NA,NA,NA,NA,NA,NA,NA,NA,NA,"TALLO PRINCIPAL MARCHITO, TODAS LAS  MEDIDAS DESDE LA ROSETA LATERAL VIVA"
114,1036,4/5/2019,12/7/2019,4A,1,10,6/24/2023,27.43,5,170,118,70,57,NA,NA,NA,NA,NA,NA,NA,NA,NA,NA,NA,NA
22,1008,4/5/2019,8/6/2019,1A,3,8,6/27/2023,35.4,5,140,151,73,47,NA,NA,NA,NA,NA,NA,NA,NA,NA,NA,NA,3 ROSERA LATERAL 
43,1030,4/5/2019,9/4/2019,2A,2,2,6/24/2023,39.62,6,170,97,170,52,265,NA,NA,NA,NA,NA,NA,NA,NA,NA,NA,3 ROSETAS LATERALES PEQUEÑAS
46,1038,4/5/2019,9/4/2019,2A,2,5,6/24/2023,46.13,7,170,65,219,237,93,NA,NA,NA,NA,NA,NA,NA,NA,NA,NA,NA
11,1018,4/5/2019,8/6/2019,1A,2,5,5/27/2023,54.74,9,215,218,272,274,205,256,270,NA,NA,NA,NA,NA,NA,NA,NA,NA
152,1034,4/5/2019,12/7/2019,5A,1,7,6/25/2023,41.21,7,144,285,133,100,220,218,NA,NA,NA,NA,NA,NA,NA,NA,NA,"1 ROSETA LATERAL, ASPECTO CHAMUSCADO"
38,1034,4/5/2019,9/4/2019,2A,1,5,6/26/2023,42.23,9,180,235,220,178,238,200,103,NA,NA,NA,NA,NA,NA,NA,NA,NA
36,1002,4/2/2019,8/6/2019,1A,5,10,6/25/2023,46.01,9,92,150,185,90,180,186,88,NA,NA,NA,NA,NA,NA,NA,NA,NA
168,1038,4/5/2019,12/7/2019,5A,4,1,6/25/2023,42.73,11,183,244,222,180,94,155,65,NA,NA,NA,NA,NA,NA,NA,NA,1 HOJA AMARILLA
140,1039,4/2/2019,12/7/2019,4A,4,10,6/27/2023,37.75,6,190,255,125,260,230,145,NA,NA,NA,NA,NA,NA,NA,NA,NA,NA
169,1034,4/5/2019,12/7/2019,5A,4,3,6/24/2023,68.22,8,114,155,126,170,106,141,63,NA,NA,NA,NA,NA,NA,NA,NA,NA
156,1010,4/5/2019,12/7/2019,5A,2,3,6/25/2023,31.11,7,102,174,108,95,164,110,140,NA,NA,NA,NA,NA,NA,NA,NA,TODAS LAS HOJAS ESTÁN AMARILLAS
55,1033,4/5/2019,9/4/2019,2A,3,6,6/27/2023,52.33,6,165,125,165,125,160,110,NA,NA,NA,NA,NA,NA,NA,NA,NA,1 HOJA AMARILLA
67,1008,4/5/2019,9/4/2019,2A,5,1,6/24/2023,57.66,9,105,140,200,82,122,107,175,NA,NA,NA,NA,NA,NA,NA,NA,TODAS LAS HOJAS INCLUÍDAS MUY MARCHITAS Y AMARILLAS
76,1017,4/5/2019,11/4/2019,3A,1,3,6/25/2023,51.9,8,175,212,188,225,255,72,NA,NA,NA,NA,NA,NA,NA,NA,NA,NA
34,1028,4/5/2019,8/6/2019,1A,5,8,6/27/2023,45.24,8,195,235,89,238,204,62,NA,NA,NA,NA,NA,NA,NA,NA,NA,rev esta ubicación en la libreta se repite con 1009
74,1039,4/2/2019,9/4/2019,2A,5,10,6/24/2023,28.08,7,125,173,190,98,85,55,NA,NA,NA,NA,NA,NA,NA,NA,NA,NA
64,1039,4/2/2019,9/4/2019,2A,4,7,6/25/2023,46.32,7,155,162,120,71,77,44,NA,NA,NA,NA,NA,NA,NA,NA,NA,1 ROSETA LATERAL
48,1008,4/5/2019,9/4/2019,2A,2,7,5/28/2023,52.99,16,119,129,175,122,173,142,102,165,NA,NA,NA,NA,NA,NA,NA,NA
9,1007,4/5/2019,8/6/2019,1A,2,2,6/27/2023,55.33,13,85,70,155,119,185,200,253,125,NA,NA,NA,NA,NA,NA,NA,NA
62,1008,4/5/2019,9/4/2019,2A,4,5,6/24/2023,58.5,11,229,75,165,85,220,195,67,100,NA,NA,NA,NA,NA,NA,NA,NA
171,1034,4/5/2019,12/7/2019,5A,4,10,6/27/2023,35.52,9,220,178,200,282,145,106,62,81,NA,NA,NA,NA,NA,NA,NA,1 ROSETA LATERAL GRANDE
110,1002,4/2/2019,12/7/2019,4A,1,5,6/24/2023,47.93,14,170,49,216,221,226,70,105,75,NA,NA,NA,NA,NA,NA,NA,NA
146,1008,4/5/2019,12/7/2019,4A,5,9,6/26/2023,54.47,10,115,200,120,150,100,310,130,70,NA,NA,NA,NA,NA,NA,NA,NA
155,1035,4/5/2019,12/7/2019,5A,2,2,6/23/2023,43.66,10,190,280,115,160,145,130,96,65,NA,NA,NA,NA,NA,NA,NA,NA
127,1008,4/5/2019,12/7/2019,4A,3,7,6/26/2023,53.47,17,172,87,153,86,150,155,80,63,NA,NA,NA,NA,NA,NA,NA,1 HOJA AMARILLA
132,1008,4/5/2019,12/7/2019,4A,4,2,6/27/2023,53.61,7,195,75,155,255,164,80,90,55,NA,NA,NA,NA,NA,NA,NA,NA
57,1036,4/5/2019,9/4/2019,2A,3,8,6/25/2023,51.5,12,175,45,215,60,240,245,182,215,140,NA,NA,NA,NA,NA,NA,NA
70,1028,4/5/2019,9/4/2019,2A,5,5,6/25/2023,48.97,13,29,70,91,40,100,190,194,135,135,NA,NA,NA,NA,NA,NA,NA
101,1018,4/5/2019,11/4/2019,3A,5,2,6/25/2023,NA,13,195,81,175,78,176,29,235,85,120,NA,NA,NA,NA,NA,NA,NA
139,1034,4/5/2019,12/7/2019,4A,4,9,6/24/2023,51.07,12,160,123,136,140,160,145,103,182,76,NA,NA,NA,NA,NA,NA,3 ROSETAS LATERALES CASI DELMISMO  TAMAÑO QUE LA ROSETA PRINCIPAL
29,1009,4/5/2019,8/6/2019,1A,5,1,5/28/2023,47.76,12,145,94,202,232,75,53,128,131,45,NA,NA,NA,NA,A,NA,2 HOJAS AMARILLAS
52,1018,4/5/2019,9/4/2019,2A,3,1,6/27/2023,44.96,13,210,225,234,190,233,207,220,212,130,265,130,NA,NA,NA,NA,NA
20,1014,4/5/2019,8/6/2019,1A,3,6,6/27/2023,67.23,16,160,125,91,185,96,144,154,275,180,260,95,NA,NA,NA,NA,NA
33,1017,4/5/2019,8/6/2019,1A,5,7,6/26/2023,60.81,15,205,35,225,84,255,60,238,175,195,240,157,NA,NA,NA,NA,NA
41,1003,4/5/2019,9/4/2019,2A,1,8,6/25/2023,50.34,14,115,230,90,140,75,157,84,217,225,230,NA,NA,NA,NA,NA,3 ROSETAS LATERALES
120,1004,4/2/2019,12/7/2019,4A,2,8,6/26/2023,67.36,17,170,220,265,165,263,200,175,260,235,180,NA,NA,NA,NA,NA,"1 ROSETA LATERAL, 1 HOJA AMARILLA"
59,1007,4/5/2019,9/4/2019,2A,4,1,5/27/2023,33.02,12,92,24,73,35,177,112,117,186,98,156,NA,NA,NA,NA,NA,2 HOJAS AMARILLAS
149,1009,4/5/2019,12/7/2019,5A,1,2,6/25/2023,56.47,14,218,208,245,193,200,90,190,75,225,155,230,NA,NA,NA,NA,NA
21,1009,4/5/2019,8/6/2019,1A,3,7,6/25/2023,58.84,14,198,104,144,232,210,115,105,155,110,150,82,NA,NA,NA,NA,NA
173,1008,4/5/2019,12/7/2019,5A,5,2,6/24/2023,58.83,14,155,SH,SH,168,114,165,95,215,93,130,68,NA,NA,NA,NA,NA
172,1028,4/5/2019,12/7/2019,5A,5,1,6/23/2023,86.74,15,127,180,112,161,172,138,141,135,97,129,80,NA,NA,NA,NA,1 HOJA AMARILLA
150,1036,4/5/2019,12/7/2019,5A,1,3,6/25/2023,48.04,16,135,65,230,100,160,75,180,245,190,120,135,NA,NA,NA,NA,NA
147,1040,4/5/2019,12/7/2019,4A,5,10,6/22/2023,58.05,12,167,270,160,90,230,49,220,53,160,120,NA,NA,NA,NA,NA,NA
113,1020,4/5/2019,12/7/2019,4A,1,9,5/28/2023,54.08,13,164,105,194,67,225,67,144,104,69,118,NA,NA,NA,NA,NA,"2 ROSETAS LATERALES AMARILLAS, 2 HOJAS AMARILLAS"
142,1002,4/2/2019,12/7/2019,4A,5,4,6/23/2023,58.39,13,132,240,139,145,112,180,150,125,150,106,65,NA,NA,NA,NA,2 HOJAS AMARILLAS
16,1035,4/5/2019,8/6/2019,1A,3,2,6/25/2023,39.77,11,200,95,141,70,175,270,140,135,92,105,NA,NA,NA,NA,NA,1 HOJA AMARILLA
151,1008,4/5/2019,12/7/2019,5A,1,5,6/25/2023,69.96,11,130,168,145,150,165,128,92,110,63,105,NA,NA,NA,NA,NA,NA
90,1032,4/5/2019,11/4/2019,3A,3,4,6/23/2023,51.81,13,130,190,141,120,55,176,99,80,155,100,212,NA,NA,NA,NA,"3 ROSETAS LATERALES, NECROMASA  PERSISTENTE"
12,1013,4/5/2019,8/6/2019,1A,2,6,6/24/2023,60.64,15,155,122,160,170,129,150,86,120,89,100,46,NA,NA,NA,NA,NA
37,1011,4/5/2019,9/4/2019,2A,1,3,6/23/2023,57.91,15,140,115,77,160,75,110,135,89,199,84,99,NA,NA,NA,NA,1 ROSERA LATERAL 
19,1009,4/5/2019,8/6/2019,1A,3,5,6/27/2023,54.8,13,190,80,240,255,252,116,278,175,73,84,NA,NA,NA,NA,NA,2 HOJAS AMARILLAS
84,1008,4/5/2019,11/4/2019,3A,2,7,6/23/2023,62.16,8,174,250,235,194,SH,SH,SH,SH,233,83,NA,NA,NA,NA,NA,"PLANTA DEPREDADA, 4 HOJAS DEPREDADAS NO INCLUIDAS, 1 ROSETA LATERAL"
18,1008,4/5/2019,8/6/2019,1A,3,4,6/22/2023,60.6,16,104,125,77,240,70,180,67,101,142,80,NA,NA,NA,NA,NA,2 ROSERA LATERAL 
4,1007,4/5/2019,8/6/2019,1A,1,6,6/27/2023,62.7,16,80,67,105,55,175,124,225,260,118,80,265,NA,NA,NA,NA,NA
154,1020,4/5/2019,12/7/2019,5A,1,9,6/22/2023,52.58,12,73,180,161,147,115,160,130,140,93,79,50,NA,NA,NA,NA,NA
35,1009,4/5/2019,8/6/2019,1A,5,9,6/23/2023,44.11,10,45,85,55,95,107,135,103,50,175,72,NA,NA,NA,NA,NA,"EL COGOLLO ESTÁ ENROLLADO EN SÍ MISMO, rev 1A, 8, 9 no existe fila 8"
123,1020,4/5/2019,12/7/2019,4A,3,2,6/26/2023,56.27,14,255,170,115,282,155,170,108,175,130,65,NA,NA,NA,NA,NA,NA
31,1035,4/5/2019,8/6/2019,1A,5,3,6/26/2023,49.08,12,184,77,135,90,200,125,145,105,125,65,NA,NA,NA,NA,NA,5 ROSETAS LATERALES
8,1036,4/5/2019,8/6/2019,1A,2,1,6/23/2023,59.81,11,180,70,182,95,125,119,70,105,52,65,NA,NA,NA,NA,NA,NA
143,1034,4/5/2019,12/7/2019,4A,5,6,6/24/2023,54.4,11,165,114,40,130,177,134,164,107,60,45,NA,NA,NA,NA,NA,1 ROSETA LATERAL
81,1014,4/5/2019,11/4/2019,3A,2,3,6/27/2023,54.14,16,177,150,104,145,120,180,115,144,162,120,144,280,110,NA,NA,NA
174,1007,4/5/2019,12/7/2019,5A,5,3,6/26/2023,56.95,17,95,270,180,260,210,145,139,270,210,265,190,245,140,NA,NA,NA
129,1033,4/5/2019,12/7/2019,4A,3,9,6/27/2023,64.29,18,242,155,215,210,265,180,230,209,180,230,159,230,137,74,NA,NA
60,1009,4/5/2019,9/4/2019,2A,4,3,6/24/2023,60.6,22,183,150,174,164,200,65,152,215,245,180,245,224,178,182,NA,NA
136,1002,4/2/2019,12/7/2019,4A,4,6,6/24/2023,55.85,19,180,210,210,243,225,190,144,275,168,240,190,200,135,NA,NA,2 HOJAS AMARILLAS
167,1035,4/5/2019,12/7/2019,5A,3,9,6/24/2023,46.51,16,110,114,100,113,78,110,59,73,118,144,70,190,152,NA,NA,2 ROSETAS LATERALES
68,1009,4/5/2019,9/4/2019,2A,5,3,6/26/2023,69.53,20,100,83,110,208,90,162,185,210,80,190,132,180,254,230,NA,2 HOJAS AMARILLAS
144,1008,4/5/2019,12/7/2019,4A,5,7,6/25/2023,62.09,16,180,135,226,130,180,188,91,165,78,230,205,175,164,NA,NA,1 HOJA AMARILLA
138,1009,4/5/2019,12/7/2019,4A,4,8,6/25/2023,58.91,20,140,63,245,215,220,197,233,86,135,78,148,155,63,NA,NA,NA
78,1009,4/5/2019,11/4/2019,3A,1,7,6/24/2023,50.98,19,123,174,120,135,140,125,165,135,160,120,165,154,100,NA,NA,NA
83,1002,4/5/2019,11/4/2019,3A,2,5,6/22/2023,79.37,28,109,111,160,175,135,160,120,139,110,135,81,132,80,NA,NA,"28 HOJAS, LAS HOJAS BASALES ESTÁN ENTORCHADAS"
109,1034,4/5/2019,12/7/2019,4A,1,4,6/26/2023,76.96,16,162,275,240,180,225,178,195,170,158,75,95,130,285,NA,NA,2 ROSETAS LATERALES
164,1036,4/5/2019,12/7/2019,5A,3,3,6/23/2023,73.59,18,86,170,174,123,155,160,131,165,146,125,158,124,93,102,NA,1 HOJA AMARILLA
17,1003,4/5/2019,8/6/2019,1A,3,3,6/26/2023,53.89,15,245,240,172,105,145,174,154,174,127,157,257,110,50,NA,NA,3 ROSETAS LATERALES
24,1027,4/5/2019,8/6/2019,1A,3,10,6/23/2023,58.04,18,149,162,135,175,122,160,167,95,185,112,145,110,140,70,NA,NA
128,1034,4/5/2019,12/7/2019,4A,3,8,6/22/2023,67.19,14,177,121,168,121,169,143,167,151,132,144,105,108,96,87,NA,1 HOJA AMARILLA
2,1017,4/5/2019,8/6/2019,1A,1,4,6/22/2023,52.5,18,151,154,234,192,85,227,240,135,148,125,129,108,122,NA,NA,NA
116,1035,4/5/2019,12/7/2019,4A,2,2,6/27/2023,38.9,16,93,160,183,132,140,150,155,150,127,135,146,104,130,NA,NA,NA
77,1009,4/5/2019,11/4/2019,3A,1,5,6/23/2023,58.88,10,40,210,64,95,185,76,87,147,71,57,125,104,60,95,NA,"6 HOJAS DEPREDADAS NO INCLUIDAS EN EL TOTAL, 2 HOJAS AMARILLAS"
53,1040,4/5/2019,9/4/2019,2A,3,2,6/27/2023,46.76,NA,212,179,148,130,172,150,265,195,240,175,122,90,52,NA,NA,"2 HOJAS AMARILLAS, ERROR EN LA TOMA DE NUMERO DE  HOJAS"
98,1036,4/5/2019,11/4/2019,3A,4,5,6/23/2023,51.28,16,141,122,145,75,210,88,125,95,105,145,74,87,114,70,NA,"ESTABA COMO 1035, PERO EN PLACA 1036, rev 1026"
163,1020,4/5/2019,12/7/2019,5A,3,2,6/25/2023,62.42,14,190,176,260,178,96,133,96,200,240,180,209,85,NA,NA,NA,NA
79,1036,4/5/2019,11/4/2019,3A,1,10,6/24/2023,60.49,16,150,100,208,80,170,95,76,145,96,135,217,68,NA,NA,NA,NA
40,1018,4/5/2019,9/4/2019,2A,1,7,6/24/2023,61.46,15,172,62,204,86,190,50,219,202,76,170,30,65,NA,NA,NA,1 HOJA AMARILLA
44,1010,4/5/2019,9/4/2019,2A,2,3,6/22/2023,79.1,14,155,98,90,162,82,239,40,165,93,51,80,59,NA,NA,NA,1 HOJA AMARILLA
39,1028,4/5/2019,9/4/2019,2A,1,6,6/22/2023,72.96,16,137,140,175,140,109,90,165,88,100,130,60,55,67,NA,NA,"2 HOJAS AMARILLAS, ROSETAS LATERALES"
159,1008,4/5/2019,12/7/2019,5A,2,8,6/24/2023,72.37,16,105,140,165,142,165,117,165,122,90,152,86,47,117,53,NA,SIN MARCA METÁLICA
50,1015,4/2/2019,9/4/2019,2A,2,9,5/28/2023,50.35,14,128,107,95,226,97,92,80,229,72,85,215,33,NA,NA,NA,"4 ROSETAS LATERALES, NECROMASA PERSISTENTE"
49,1035,4/5/2019,9/4/2019,2A,2,8,6/27/2023,54.9,19,210,215,205,110,155,80,199,224,234,175,245,190,220,265,264,3 HOJAS AMARILLAS
141,1022,4/2/2019,12/7/2019,4A,5,3,6/27/2023,79.86,21,135,157,142,150,161,265,157,141,160,152,140,160,140,152,250,"1 ROSETA LATERAL, 1 HOJA AMARILLA"
118,1002,4/2/2019,12/7/2019,4A,2,4,6/24/2023,64.14,23,215,105,177,109,150,55,205,235,75,162,74,105,221,232,235,NA
6,1009,4/5/2019,8/6/2019,1A,1,8,6/24/2023,79.79,29,80,185,220,162,165,91,180,145,126,190,100,167,154,72,225,NA
14,1027,4/5/2019,8/6/2019,1A,2,9,6/27/2023,71.79,24,190,130,180,120,142,160,210,257,183,110,200,230,225,195,223,3  ROSETAS LATERALES
95,1008,4/5/2019,11/4/2019,3A,4,2,6/27/2023,59.87,24,134,170,142,162,105,182,110,190,125,124,140,207,220,110,214,1 HOJA AMARILLA
130,1041,4/5/2019,12/7/2019,4A,3,10,6/27/2023,67.62,18,220,231,220,190,245,230,168,65,230,210,80,228,222,190,208,NA
122,1033,4/5/2019,12/7/2019,4A,3,1,6/27/2023,73.48,21,130,80,120,220,93,95,160,105,165,152,132,188,134,90,200,4 HOJAS AMARILLAS
42,1034,4/5/2019,9/4/2019,2A,2,1,5/28/2023,71.3,23,145,82,120,150,84,104,136,114,99,159,139,88,213,181,196,2 HOJAS AMARILLAS
51,1012,4/5/2019,9/4/2019,2A,2,10,6/24/2023,87.63,28,217,95,162,74,235,92,158,95,212,230,215,214,210,216,195,"3 ROSETAS LATERALES, 2  HOJAS AMARILLAS"
176,1032,4/5/2019,12/7/2019,5A,5,8,6/27/2023,61.21,24,184,224,235,135,142,150,240,225,162,155,140,140,157,265,195,"4 ROSETAS LATERALES, 3 HOJAS AMARILLAS"
87,1035,4/5/2019,11/4/2019,3A,3,1,6/27/2023,76.36,24,24,85,124,137,187,103,162,72,100,172,87,80,165,84,195,"3 ROSETAS LATERALES, rev esta ubicación en la libreta es 1009 en campo es 1035"
137,1035,4/5/2019,12/7/2019,4A,4,7,6/26/2023,53.5,25,215,205,87,211,215,88,160,145,85,214,210,222,220,216,190,1 HOJA AMARILLA
97,1009,4/5/2019,11/4/2019,3A,4,4,6/27/2023,86.21,29,210,250,244,187,114,155,174,100,175,135,144,160,152,126,186,NA
124,1032,4/5/2019,12/7/2019,4A,3,3,6/23/2023,60.37,NA,163,83,89,140,100,222,77,120,135,70,96,209,80,100,180,NA
27,1035,4/5/2019,8/6/2019,1A,4,6,6/27/2023,63.71,23,164,130,143,153,150,140,165,127,152,175,144,152,147,160,175,"2 ROSEAS LATERALES, 2 HOJAS AMARILLAS"
102,1002,4/2/2019,11/4/2019,3A,5,3,6/26/2023,94.26,26,195,100,240,280,250,270,217,62,215,188,96,70,149,155,175,NA
32,1009,4/5/2019,8/6/2019,1A,5,6,6/22/2023,68.19,23,238,280,295,272,40,198,93,154,56,100,103,210,240,63,170," 1 ROSETA LATERAL, 1 HOJA AMARILLA"
148,1020,4/5/2019,12/7/2019,5A,1,1,6/26/2023,65.82,23,100,94,128,195,115,120,116,185,85,235,263,160,172,105,170,2 HOJAS AMARILLAS
121,1020,4/5/2019,12/7/2019,4A,2,9,6/27/2023,75.02,26,180,90,158,145,126,180,262,210,194,199,62,160,80,150,170,1 HOJA AMARILLA
93,1039,4/5/2019,11/4/2019,3A,3,8,6/25/2023,73.43,27,92,168,94,210,145,210,225,190,209,214,84,164,84,128,169,5 ROSETAS LATERALES
106,1002,4/5/2019,11/4/2019,3A,5,10,6/25/2023,76.8,22,105,125,130,204,90,230,183,163,130,180,155,100,200,104,165,NA
165,1018,4/5/2019,12/7/2019,5A,3,4,6/22/2023,63.4,23,148,172,105,152,170,70,100,126,94,198,235,204,197,80,163,NA
65,1009,4/5/2019,9/4/2019,2A,4,8,6/25/2023,61.28,18,155,135,136,155,170,148,190,97,165,185,40,152,165,255,160,1 HOJA AMARILLA
72,1027,4/5/2019,9/4/2019,2A,5,7,6/27/2023,78.03,19,183,230,194,87,157,83,117,187,267,193,150,80,208,190,160,1 HOJA AMARILLA
1,1007,4/5/2019,8/6/2019,1A,1,3,6/22/2023,62.76,29,138,132,86,105,114,67,135,96,71,119,75,99,137,69,157,NA
96,1010,4/5/2019,11/4/2019,3A,4,3,6/27/2023,66.36,22,180,190,184,154,92,180,152,110,173,205,270,260,170,115,155,NA
104,1041,4/5/2019,11/4/2019,3A,5,6,6/27/2023,70.16,24,175,95,200,225,235,212,220,216,198,214,230,210,285,165,155,3 HOJAS AMARILLAS
117,1002,4/2/2019,12/7/2019,4A,2,3,6/24/2023,61.19,33,197,120,108,145,113,135,123,73,189,72,217,200,99,165,152,1 ROSETA LATERAL
134,1020,4/5/2019,12/7/2019,4A,4,4,6/25/2023,80.06,24,87,82,155,100,80,130,105,71,123,90,150,110,92,105,152,NA
15,1020,4/5/2019,8/6/2019,1A,3,1,6/25/2023,79.06,25,135,170,183,142,82,200,253,190,135,220,88,120,175,145,150,NA
13,1014,4/5/2019,8/6/2019,1A,2,7,5/28/2023,62.78,29,152,154,131,173,148,124,151,138,153,161,125,144,151,133,147,"4 ROSETAS LATERALES, 2 HOJAS AMARILLAS"
5,1015,4/2/2019,8/6/2019,1A,1,7,6/22/2023,67.15,28,157,85,55,135,148,67,234,191,42,175,87,178,216,59,146,"3 HOJAS AMARILLAS, VARIAS HOJAS DENTRO DE LA MARCHANTIA"
115,1008,4/5/2019,12/7/2019,4A,2,1,6/24/2023,73.6,25,150,165,144,136,170,155,165,155,205,177,135,65,82,140,145,"3 ROSETAS LATERALES, 1 HOJA AMARILLA"
88,1020,4/5/2019,11/4/2019,3A,3,2,6/24/2023,78.9,22,98,145,70,150,85,240,210,230,212,102,160,160,119,128,143,1 ROSETA LATERAL
133,1032,4/5/2019,12/7/2019,4A,4,3,6/27/2023,67.1,33,193,205,97,122,245,168,175,136,162,120,166,152,155,160,142,2 ROSETAS LATERALES
28,1007,4/5/2019,8/6/2019,1A,4,10,5/27/2023,47.94,23,145,91,125,126,163,125,134,161,115,132,162,119,150,142,142,3 HOJAS  AMARILLAS
135,1034,4/5/2019,12/7/2019,4A,4,5,6/22/2023,67.54,19,168,145,130,149,134,144,143,142,142,136,163,112,154,139,141,5 HOJAS AMARILLAS
25,1017,4/5/2019,8/6/2019,1A,4,1,6/25/2023,73.6,27,130,80,82,141,130,119,183,114,100,270,147,175,109,189,140,3 HOJAS  AMARILLAS
54,1020,4/5/2019,9/4/2019,2A,3,4,6/27/2023,68.7,26,123,108,145,192,108,137,270,135,173,134,152,160,124,163,140,"4 ROSETAS LATERALES, 2 HOJAS AMARILLAS"
158,1018,4/5/2019,12/7/2019,5A,2,7,6/25/2023,77.59,26,163,160,128,165,123,170,192,192,175,155,160,148,140,170,140,"MARCA METÁLICA: 1018 PERO EN ESTA BASE: 1008, 4 ROSETAS LATERALES, 1 HOJA AMARILLA, Rev esta ubicación en libreta 1018, "
61,1002,4/2/2019,9/4/2019,2A,4,4,6/23/2023,73.32,21,91,66,95,73,194,145,170,113,210,127,130,165,123,145,133,2 HOJAS AMARILLAS
162,1009,4/5/2019,12/7/2019,5A,3,1,5/28/2023,61.58,20,105,120,112,131,85,108,166,133,102,146,43,145,54,80,132,"2 HOJAS AMARILLAS, NECROMASA PERSISTENTE"
108,1018,4/5/2019,12/7/2019,4A,1,2,5/27/2023,44.55,27,98,101,97,116,108,191,101,160,144,114,184,109,163,137,127,angulo 2 a 3 hoja seca / una hoja amarilenta
7,1017,4/5/2019,8/6/2019,1A,1,10,6/23/2023,NA,26,86,152,197,97,120,66,89,80,134,77,100,185,88,119,125,POSIBLE ERROR EN LA TOMA DE LA LONGITUD DEL TALLO
89,1014,4/5/2019,11/4/2019,3A,3,3,6/24/2023,78.85,21,77,230,83,160,80,187,50,139,94,227,94,165,105,69,125,2 ROSETAS LATERALES
92,1027,4/5/2019,11/4/2019,3A,3,6,6/27/2023,63.04,19,170,194,168,155,140,165,85,165,222,211,113,145,153,270,125,1 HOJA AMARILLA
94,1035,4/5/2019,11/4/2019,3A,3,10,6/25/2023,NA,21,150,160,45,219,205,192,132,85,212,223,202,225,190,142,120,"2 HOJAS AMARILLAS, ERROR EN LA MEDICIÓN DE LA LONGITUD DEL TALLO"
112,1012,4/5/2019,12/7/2019,4A,1,8,6/24/2023,64.16,18,114,103,95,165,45,135,140,80,107,172,61,242,178,56,117,NA
100,1020,4/5/2019,11/4/2019,3A,5,1,6/25/2023,63.78,20,122,100,175,123,150,140,127,130,172,145,124,140,151,112,112,3 HOJAS AMARILLAS
66,1017,4/5/2019,9/4/2019,2A,4,10,6/24/2023,59.29,23,123,161,109,174,125,175,136,130,180,109,152,145,147,172,110,1 HOJA AMARILLA
26,1010,4/5/2019,8/6/2019,1A,4,2,6/22/2023,71.18,25,95,155,65,118,132,89,235,70,175,83,220,125,91,82,110,3 ROSETAS LATERALES
82,1018,4/5/2019,11/4/2019,3A,2,4,6/22/2023,66.16,18,195,104,155,77,225,225,85,143,95,202,175,67,115,88,110,NA
30,1007,4/5/2019,8/6/2019,1A,5,2,5/27/2023,39.12,17,117,52,107,26,43,190,73,61,72,45,44,225,56,148,108,NA
119,1018,4/5/2019,12/7/2019,4A,2,5,6/27/2023,69.78,25,158,100,185,154,120,282,222,270,242,253,245,270,206,265,107,"4 ROSETAS LATERLALES,  1 HOJA AMARILLA, rev  en libreta 1008"
80,1012,4/5/2019,11/4/2019,3A,2,1,6/22/2023,73.48,23,175,178,122,79,105,152,171,127,181,145,124,135,102,85,106,1 HOJA AMARILLA
75,1002,4/2/2019,11/4/2019,3A,1,2,6/23/2023,91.85,35,145,88,94,150,95,100,135,95,225,80,155,110,200,72,105,NA
160,1031,4/5/2019,12/7/2019,5A,2,9,6/24/2023,48.2,15,172,125,51,165,61,55,150,131,165,172,75,152,130,70,102,2 HOJAS AMARILLAS
166,1009,4/5/2019,12/7/2019,5A,3,6,6/23/2023,56.52,20,155,91,96,120,155,70,125,70,110,155,67,87,173,65,102,1 HOJA AMARILLA
23,1024,4/2/2019,8/6/2019,1A,3,9,6/23/2023,58.14,21,165,173,141,180,115,152,132,155,140,162,174,135,160,170,100,1 HOJA AMARILLA
91,1007,4/5/2019,11/4/2019,3A,3,5,6/23/2023,67.25,23,137,132,175,120,155,160,115,175,125,150,135,110,140,115,100,NA
145,1009,4/5/2019,12/7/2019,4A,5,8,5/28/2023,61.37,36,116,127,102,145,101,173,62,73,101,89,156,81,134,104,98,La hoja # 2 está seca / dos hojas amarillas / dos rosetas adicionales
3,1032,4/5/2019,8/6/2019,1A,1,5,6/23/2023,65.02,24,145,140,165,136,73,98,126,220,95,114,90,145,72,210,94,NA
73,1006,4/2/2019,9/4/2019,2A,5,8,6/22/2023,78.5,18,120,124,20,182,99,182,132,145,133,141,196,140,103,83,94,3 ROSETAS LATERALES PEQUEÑAS
69,1015,4/2/2019,9/4/2019,2A,5,4,6/23/2023,48.89,26,133,85,100,40,110,189,75,105,199,50,130,95,57,128,94,"MÁS DE 10 ROSETAS LATERALES, OK 1015 en campo  REV en libreta 1008"
107,1018,4/5/2019,12/7/2019,4A,1,1,6/27/2023,90.3,23,175,80,174,235,184,217,203,209,200,212,200,195,94,135,92,"3 ROSETAS LATERALES, 1 HOJA AMARILLA"
103,1012,4/5/2019,11/4/2019,3A,5,5,6/25/2023,57.81,16,150,180,160,117,135,152,200,98,150,140,SH,SH,110,130,85,"EN MARCA METÁLICA, 1012 EN ESTA HOJA 1017, 1 ROSETA LATERAL, rev 1012"
45,1042,4/5/2019,9/4/2019,2A,2,4,6/26/2023,46.29,22,115,245,264,152,124,163,275,210,260,230,295,202,82,157,85,NA
10,1009,4/5/2019,8/6/2019,1A,2,4,6/22/2023,76.97,33,102,87,96,45,153,140,220,144,85,93,136,95,81,155,83,4 ROSETAS LATERALES
131,1008,4/5/2019,12/7/2019,4A,4,1,6/25/2023,71.27,18,113,155,165,112,163,120,165,140,128,155,114,142,95,77,82,1 HOJA AMARILLA
71,1018,4/5/2019,9/4/2019,2A,5,6,6/22/2023,60.41,11,97,130,105,70,110,110,155,82,95,124,75,130,172,95,80,"ROSETAS LATERALES, NECROMASA PERSISTENTE"
170,1012,4/5/2019,12/7/2019,5A,4,5,6/27/2023,84.26,29,155,88,105,182,130,141,175,150,155,170,165,120,100,170,77,NA
125,1014,4/5/2019,12/7/2019,4A,3,5,6/27/2023,74.66,37,96,150,90,213,212,207,230,202,85,160,75,192,65,140,70,VARIAS ROSETAS
63,1014,4/5/2019,9/4/2019,2A,4,6,6/26/2023,82.51,19,163,220,270,130,104,230,200,138,105,85,100,150,305,105,70,NA
157,1009,4/5/2019,12/7/2019,5A,2,5,6/22/2023,57.83,18,95,93,57,94,53,92,112,46,84,92,67,156,85,101,68,2 HOJAS AMARILLAS
175,1009,4/5/2019,12/7/2019,5A,5,4,6/23/2023,59.25,18,180,72,160,85,195,85,120,140,158,97,160,35,243,232,57,1 HOJA AMARILLA
47,1028,4/2/2019,9/4/2019,2A,2,6,6/22/2023,57.73,17,152,103,85,170,85,109,140,94,105,124,80,86,120,40,55,rev en libreta 1028
58,1014,4/5/2019,9/4/2019,2A,3,9,5/27/2023,52.9,17,55,147,112,77,94,56,142,112,61,68,163,71,44,178,54,ángulo 1 de hoja amarillenta / ángulo 2 a hoja seca / angulo 3 hoja seca - hoja rota
178,1009,4/5/2019,9/4/2019,2A,5,9,6/27/2023,,,,,,,,,,,,,,,,,,
179,1003,4/5/2019,8/6/2019,1A,4,8,6/27/2023,,,,,,,,,,,,,,,,,,